<?xml version="1.0" encoding="UTF-8"?>
<project-private xmlns="http://www.netbeans.org/ns/project-private/1">
    <editor-bookmarks xmlns="http://www.netbeans.org/ns/editor-bookmarks/2" lastBookmarkId="0"/>
    <open-files xmlns="http://www.netbeans.org/ns/projectui-open-files/2">
        <group>
            <file>file:/C:/Users/Hong%20Tan/Documents/NetBeansProjects/ISD-main/ISDAssg1/web/account.jsp</file>
            <file>file:/C:/Users/Hong%20Tan/Documents/NetBeansProjects/ISD-main/ISDAssg1/web/welcome.jsp</file>
            <file>file:/C:/Users/Hong%20Tan/Documents/NetBeansProjects/ISD-main/ISDAssg1/web/css/layout.css</file>
            <file>file:/C:/Users/Hong%20Tan/Documents/NetBeansProjects/ISD-main/ISDAssg1/web/js/index.js</file>
            <file>file:/C:/Users/Hong%20Tan/Documents/NetBeansProjects/ISD-main/ISDAssg1/web/register.jsp</file>
            <file>file:/C:/Users/Hong%20Tan/Documents/NetBeansProjects/ISD-main/ISDAssg1/src/java/uts/isd/model/User.java</file>
            <file>file:/C:/Users/Hong%20Tan/Documents/NetBeansProjects/ISD-main/ISDAssg1/web/profile.jsp</file>
            <file>file:/C:/Users/Hong%20Tan/Documents/NetBeansProjects/ISD-main/ISDAssg1/web/css/form.css</file>
        </group>
    </open-files>
</project-private>
